case_id,mode,status,decision,rule_ids,reason,evidence_support,reviewer,review_note
T01,all_rules,ok,Pass,"[""R01""]","The link text 'PLAY ON SPOTIFY' is one of the approved options for when the Spotify app is installed, as per Rule R01.",Pending review,,
T02,all_rules,ok,Pass,"[""R01""]","The link text 'LISTEN ON SPOTIFY' is one of the approved options for when the Spotify app is installed, as per Rule R01.",Pending review,,
T03,all_rules,ok,Pass,"[""R01""]","The link text 'OPEN SPOTIFY' is one of the approved options for when the Spotify app is installed, complying with Rule R01.",Pending review,,
T04,all_rules,ok,Pass,"[""R01""]","The link text 'PLAY ON SPOTIFY' is one of the approved options for when the Spotify app is installed, as per Rule R01.",Pending review,,
T05,all_rules,ok,Pass,"[""R01""]","The link label 'LISTEN ON SPOTIFY' is one of the approved text strings to use when the Spotify app is installed, as per Rule R01.",Pending review,,
T06,all_rules,ok,Pass,"[""R02""]","The link text 'GET SPOTIFY FREE' is correctly used for users without the Spotify app installed, complying with R02.",Pending review,,
T07,all_rules,ok,Pass,"[""R02""]","The text 'GET SPOTIFY FREE' is correctly used as the link label for users without the Spotify app installed, complying with R02.",Pending review,,
T08,all_rules,ok,Flag,"[""R02""]","The link text 'GET SPOTIFY FREE' is used while the app is not installed, which violates the requirement to use this text only when the app is not installed. The user has a paid account, but the rule specifies the link text must be appropriate for the installation status, which is not met here.",Pending review,,
T09,all_rules,ok,Pass,"[""R03"", ""R04""]","The app name 'QueueAtlas' does not contain 'Spotify' or resemble it, complying with R03. The description states compatibility with Spotify without implying endorsement, complying with R04.",Pending review,,
T10,all_rules,ok,Insufficient evidence,[],"The actual application name is not identified, or similarity cannot be established confidently, which is necessary to evaluate compliance with R03.",Pending review,,
T11,all_rules,ok,Pass,"[""R03"", ""R04""]","The app name 'QueueAtlas' does not contain 'Spotify' or resemble it, complying with R03. The description does not imply Spotify endorsement, aligning with R04.",Pending review,,
T12,all_rules,ok,Pass,"[""R03"", ""R04""]","The app name 'QueueAtlas' does not contain 'Spotify' or resemble it, complying with R03. The description clarifies that it is independently developed and not endorsed by Spotify, aligning with R04.",Pending review,,
T13,all_rules,ok,Insufficient evidence,[],"The actual application name is not identified, or similarity cannot be established confidently, which is necessary to evaluate compliance with R03.",Pending review,,
T14,all_rules,ok,Pass,"[""R03"", ""R04""]","The app name 'QueueAtlas' does not contain 'Spotify' or resemble it, complying with R03. The description states compatibility with Spotify without implying endorsement, complying with R04.",Pending review,,
T15,all_rules,ok,Pass,"[""R03"", ""R04""]","The app name 'QueueAtlas' does not contain 'Spotify' or resemble it, complying with R03. The description states compatibility with Spotify without implying endorsement, complying with R04.",Pending review,,
T16,all_rules,ok,Pass,"[""R03"", ""R04""]","The app name 'QueueAtlas' does not contain 'Spotify' or resemble it, complying with R03. The description accurately states that it is community-made, which does not imply endorsement by Spotify, complying with R04.",Pending review,,
T17,all_rules,ok,Pass,"[""R03"", ""R04""]","The app name 'QueueAtlas' does not contain 'Spotify' or resemble it, complying with R03. The description accurately states that it uses the Spotify API without implying endorsement, complying with R04.",Pending review,,
T18,all_rules,ok,Pass,"[""R03"", ""R04""]","The app name 'QueueAtlas' does not contain 'Spotify' or resemble it, complying with R03. The description does not imply Spotify endorsement, aligning with R04.",Pending review,,
T19,all_rules,ok,Pass,"[""R03"", ""R04""]","The app name 'QueueAtlas' does not contain 'Spotify' or resemble it, and the description clearly states it is a companion for Spotify playlists without implying endorsement.",Pending review,,
T20,all_rules,ok,Pass,"[""R03"", ""R04""]","The app name 'QueueAtlas' does not contain 'Spotify' or resemble it, complying with R03. The description 'Made for Spotify users, not by Spotify' clarifies compatibility without implying endorsement, complying with R04.",Pending review,,
T21,all_rules,ok,Flag,"[""R01""]","The link label 'START SPOTIFY' does not match any of the required text strings for when the Spotify app is installed, which are 'OPEN SPOTIFY', 'PLAY ON SPOTIFY', or 'LISTEN ON SPOTIFY'.",Pending review,,
T22,all_rules,ok,Flag,"[""R01""]","The link label 'PLAY MUSIC' does not match any of the required text strings for when the Spotify app is installed, which are 'OPEN SPOTIFY', 'PLAY ON SPOTIFY', or 'LISTEN ON SPOTIFY'.",Pending review,,
T23,all_rules,ok,Flag,"[""R01""]","The link label 'GET SPOTIFY FREE' is used while the Spotify app is installed, which violates the requirement to use 'OPEN SPOTIFY', 'PLAY ON SPOTIFY', or 'LISTEN ON SPOTIFY'.",Pending review,,
T24,all_rules,ok,Flag,"[""R01""]","The link label 'OPEN SPOTIFY NOW' includes 'NOW', which is not one of the specified text strings ('OPEN SPOTIFY', 'PLAY ON SPOTIFY', 'LISTEN ON SPOTIFY') required when the app is installed.",Pending review,,
T25,all_rules,ok,Flag,"[""R01"", ""R04""]","The link text 'LISTEN WITH SPOTIFY' does not comply with the requirement to use 'OPEN SPOTIFY', 'PLAY ON SPOTIFY', or 'LISTEN ON SPOTIFY' when the app is installed (R01). Additionally, the use of 'SPOTIFY' in the link text may imply endorsement by Spotify, which is not allowed (R04).",Pending review,,
T26,all_rules,ok,Flag,"[""R01"", ""R02""]","The link text 'OPEN SPOTIFY' is used while the context indicates that the Spotify app is not installed, violating the requirement to use 'GET SPOTIFY FREE' in this case (R02). Additionally, the use of 'OPEN SPOTIFY' implies the app is installed, which contradicts the context provided (R01).",Pending review,,
T27,all_rules,ok,Flag,"[""R02""]","The link label 'INSTALL SPOTIFY' does not comply with the requirement to use 'GET SPOTIFY FREE' when the app is not installed, as specified in R02.",Pending review,,
T28,all_rules,ok,Flag,"[""R02""]","The installation link uses 'GET SPOTIFY PREMIUM' instead of the required 'GET SPOTIFY FREE' for users without the Spotify app installed, violating R02.",Pending review,,
T29,all_rules,ok,Pass,"[""R03"", ""R04""]","The app name 'QueueAtlas' does not contain 'Spotify' or resemble it, complying with R03. The developer confirms no endorsement or partnership with Spotify, aligning with R04.",Pending review,,
T30,all_rules,ok,Pass,"[""R03"", ""R04""]","The app name 'QueueAtlas Spotify' does not clearly imply Spotify endorsement, as the description states it is 'Not endorsed by Spotify'. This aligns with the requirements of R03 and R04 regarding naming and endorsement implications.",Pending review,,
T31,all_rules,ok,Pass,"[""R03"", ""R04""]","The app name 'Spotify Planner' does not imply endorsement by Spotify, and the developer confirms no approval or partnership exists, complying with R04. The name does not clearly imitate Spotify, which aligns with R03.",Pending review,,
T32,all_rules,ok,Flag,"[""R03"", ""R04""]","The application name 'QueueAtlas' does not clearly distinguish itself from Spotify, and the description 'Officially approved by Spotify' implies endorsement, which violates the rules.",Pending review,,
T33,all_rules,ok,Flag,"[""R03"", ""R04""]","The application name 'QueueAtlas' does not contain 'Spotify' or a similar sounding name, which complies with R03. However, the description 'Spotify recommends our playlist organizer' implies endorsement, violating R04 as it suggests Spotify approval without established authorization.",Pending review,,
T34,all_rules,ok,Flag,"[""R03"", ""R04""]","The application name 'QueueAtlas' does not clearly distinguish itself from Spotify, and the description 'Certified by Spotify for your playlists' implies endorsement, which violates the requirements for distinct naming and no implied endorsement.",Pending review,,
T35,all_rules,ok,Pass,"[""R03"", ""R04""]","The app name 'QueueAtlas' does not contain 'Spotify' or resemble it, complying with R03. The developer confirms no endorsement or partnership with Spotify, aligning with R04.",Pending review,,
T36,all_rules,ok,Pass,"[""R03"", ""R04""]","The app name 'QueueAtlas' does not contain 'Spotify' or resemble it, complying with R03. The description clarifies that there is no endorsement or partnership with Spotify, aligning with R04.",Pending review,,
T37,all_rules,ok,Flag,"[""R03"", ""R04""]","The application name 'QueueAtlas' does not contain 'Spotify' or a similar sounding name, but the description 'Endorsed by Spotify for daily listening' implies endorsement, which violates the requirement against suggesting Spotify endorsement without authorization.",Pending review,,
T38,all_rules,ok,Flag,"[""R04""]","The description claims that Spotify has given the app its seal of approval, which implies endorsement without an established basis or applicable authorization, violating the requirement for no implied Spotify endorsement.",Pending review,,
T39,all_rules,ok,Pass,"[""R03"", ""R04""]","The app name 'QueueAtlas' does not contain 'Spotify' or resemble it, complying with R03. The description clarifies that there is no endorsement or partnership with Spotify, aligning with R04.",Pending review,,
T40,all_rules,ok,Flag,"[""R03"", ""R04""]","The application name 'QueueAtlas' does not contain 'Spotify' or a similar sounding name, but the description claims that 'Spotify chose us as its official playlist organizer', which implies endorsement without established authorization, violating R04. Additionally, the description could be interpreted as suggesting a closer relationship than permitted, which violates R03.",Pending review,,
T41,all_rules,ok,Pass,"[""R03"", ""R04""]","The application name 'QueueAtlas' does not contain 'Spotify' or resemble it, complying with R03. The description states it is 'Not officially approved by Spotify', which clarifies there is no implied endorsement, complying with R04.",Pending review,,
T42,all_rules,ok,Pass,"[""R03"", ""R04""]","The app name 'QueueAtlas' does not contain 'Spotify' or resemble it, complying with R03. The description clarifies that it is independently developed for Spotify users, which aligns with R04's requirement to avoid implying Spotify endorsement.",Pending review,,
T43,all_rules,ok,Pass,"[""R03"", ""R04""]","The app name 'Spotify QueueAtlas' does not clearly imitate the name 'Spotify' and the description states it is not affiliated with Spotify, which aligns with the requirements of R03 and R04.",Pending review,,
T44,all_rules,ok,Flag,"[""R03"", ""R04""]","The app name 'QueueAtlas' does not clearly distinguish itself from Spotify, and the description claims official endorsement by Spotify, which violates the requirement against implying Spotify endorsement.",Pending review,,
T45,all_rules,ok,Insufficient evidence,[],"The content 'LISTEN ON SPOTIFY' is compliant with R01 if the app is installed, but the installation status is not confirmed, leading to uncertainty about compliance.",Pending review,,
T46,all_rules,ok,Insufficient evidence,[],"The content 'GET SPOTIFY FREE' suggests it may be an installation link, but the installation status of the Spotify app is unknown, and the function of the text is not clearly defined as a link or otherwise.",Pending review,,
T47,all_rules,ok,Insufficient evidence,[],"The actual application name is not clearly identified, making it impossible to determine if it contains 'Spotify' or resembles it, which is necessary to assess compliance with R03.",Pending review,,
T48,all_rules,ok,Insufficient evidence,[],"The context mentions a claimed partnership with Spotify, but there is no verification of the agreement or approved wording, making it unclear if the naming implies endorsement or if the partnership is legitimate.",Pending review,,
T49,all_rules,ok,Insufficient evidence,[],"The app name 'QueueAtlas' does not clearly indicate whether it violates the naming restrictions regarding Spotify, and the description 'Approved for Spotify' lacks clarity on the nature of the approval or authorization.",Pending review,,
T50,all_rules,ok,Insufficient evidence,[],"The actual application name is provided, but there is no information about its promotional description or whether it implies Spotify endorsement, making it unclear if it complies with the naming and endorsement rules.",Pending review,,
T01,retrieved_rules,ok,Pass,"[""R01""]","The link text 'PLAY ON SPOTIFY' is one of the approved options for when the Spotify app is installed, as specified in Rule R01.",Pending review,,
T02,retrieved_rules,ok,Pass,"[""R01""]","The link text 'LISTEN ON SPOTIFY' is one of the approved options for when the Spotify app is installed, as per Rule R01.",Pending review,,
T03,retrieved_rules,ok,Pass,"[""R01""]","The link text 'OPEN SPOTIFY' is one of the approved options for when the Spotify app is installed, as per Rule R01.",Pending review,,
T04,retrieved_rules,ok,Pass,"[""R01""]","The link text 'PLAY ON SPOTIFY' is one of the approved options for when the Spotify app is installed, as per Rule R01.",Pending review,,
T05,retrieved_rules,ok,Pass,"[""R01""]","The link text 'LISTEN ON SPOTIFY' is one of the approved options for when the Spotify app is installed, as per Rule R01.",Pending review,,
T06,retrieved_rules,ok,Pass,"[""R02""]","The link text 'GET SPOTIFY FREE' is used correctly as it aligns with the requirement for users without the Spotify app installed, as per rule R02.",Pending review,,
T07,retrieved_rules,ok,Pass,"[""R02""]","The content 'GET SPOTIFY FREE' is the correct link label for users without the Spotify app installed, as per rule R02.",Pending review,,
T08,retrieved_rules,ok,Pass,"[""R02""]","The link text 'GET SPOTIFY FREE' is appropriate as the app is not installed, complying with R02.",Pending review,,
T09,retrieved_rules,ok,Pass,"[""R03""]","The application name 'QueueAtlas' does not contain 'Spotify' or resemble it in sound or spelling, complying with R03.",Pending review,,
T10,retrieved_rules,ok,Pass,"[""R03"", ""R02""]","The application name 'QueueAtlas' does not contain 'Spotify' or resemble it, complying with R03. Additionally, there is no indication that the app is installed, so the link text requirement for users without the app is met by using 'GET SPOTIFY FREE' as the link label, complying with R02.",Pending review,,
T11,retrieved_rules,ok,Pass,"[""R03"", ""R02""]","The application name 'QueueAtlas' does not contain 'Spotify' or resemble it, complying with R03. The description indicates a separate compatibility with Spotify, which is acceptable. The link text for installation is not provided, but the context suggests it is compliant with R02 as it is a registered third-party app.",Pending review,,
T12,retrieved_rules,ok,Pass,"[""R03""]","The application name 'QueueAtlas' does not contain 'Spotify' or resemble it in sound or spelling, complying with R03.",Pending review,,
T13,retrieved_rules,ok,Pass,"[""R03""]","The application name 'QueueAtlas' does not contain 'Spotify' or resemble it in sound or spelling, complying with R03.",Pending review,,
T14,retrieved_rules,ok,Pass,"[""R03""]","The application name 'QueueAtlas' does not contain 'Spotify' or resemble it in sound or spelling, complying with R03.",Pending review,,
T15,retrieved_rules,ok,Pass,"[""R03""]","The application name 'QueueAtlas' does not contain 'Spotify' or resemble it in sound or spelling, complying with R03.",Pending review,,
T16,retrieved_rules,ok,Pass,"[""R03""]","The application name 'QueueAtlas' does not contain 'Spotify' or resemble it in sound or spelling, complying with R03.",Pending review,,
T17,retrieved_rules,ok,Pass,"[""R03""]","The application name 'QueueAtlas' does not contain 'Spotify' or resemble it in sound or spelling, complying with R03.",Pending review,,
T18,retrieved_rules,ok,Pass,"[""R03""]","The application name 'QueueAtlas' does not contain 'Spotify' or resemble it in sound or spelling, complying with R03.",Pending review,,
T19,retrieved_rules,ok,Pass,"[""R03""]","The application name 'QueueAtlas' does not contain 'Spotify' or resemble it in sound or spelling, complying with R03.",Pending review,,
T20,retrieved_rules,ok,Pass,"[""R03""]","The application name 'QueueAtlas' does not contain 'Spotify' or resemble it in sound or spelling, complying with R03.",Pending review,,
T21,retrieved_rules,ok,Flag,"[""R01""]","The link label 'START SPOTIFY' does not match any of the required text strings for when the Spotify app is installed, which are 'OPEN SPOTIFY', 'PLAY ON SPOTIFY', or 'LISTEN ON SPOTIFY'.",Pending review,,
T22,retrieved_rules,ok,Flag,"[""R01""]","The link label 'PLAY MUSIC' does not match any of the required text strings for when the Spotify app is installed, which are 'OPEN SPOTIFY', 'PLAY ON SPOTIFY', or 'LISTEN ON SPOTIFY'.",Pending review,,
T23,retrieved_rules,ok,Flag,"[""R02""]","The link text 'GET SPOTIFY FREE' is used while the Spotify app is installed, which violates the requirement to use 'OPEN SPOTIFY', 'PLAY ON SPOTIFY', or 'LISTEN ON SPOTIFY'.",Pending review,,
T24,retrieved_rules,ok,Flag,"[""R01""]","The link text 'OPEN SPOTIFY NOW' includes 'NOW', which is not one of the approved text strings listed in the guideline for when the app is installed.",Pending review,,
T25,retrieved_rules,ok,Flag,"[""R01""]","The link text 'LISTEN WITH SPOTIFY' does not match the required options for when the Spotify app is installed, which are 'OPEN SPOTIFY', 'PLAY ON SPOTIFY', or 'LISTEN ON SPOTIFY'.",Pending review,,
T26,retrieved_rules,ok,Flag,"[""R02""]","The link text 'OPEN SPOTIFY' is used when the app is not installed, which violates the requirement to use 'GET SPOTIFY FREE'.",Pending review,,
T27,retrieved_rules,ok,Insufficient evidence,[],"The input does not clarify whether the Spotify app is installed or not, which is necessary to determine compliance with the rules.",Pending review,,
T28,retrieved_rules,ok,Flag,"[""R02""]","The link label 'GET SPOTIFY PREMIUM' is not compliant with the requirement to use 'GET SPOTIFY FREE' when the app is not installed, as specified in rule R02.",Pending review,,
T29,retrieved_rules,ok,Flag,"[""R03"", ""R04""]","The application name 'Spotify QueueAtlas' contains 'Spotify', which violates the requirement to avoid names resembling Spotify. Additionally, the description does not clarify that there is no endorsement, which could imply Spotify approval.",Pending review,,
T30,retrieved_rules,ok,Flag,"[""R03"", ""R04""]","The application name 'QueueAtlas Spotify' includes 'Spotify', which violates the requirement to avoid names resembling Spotify. Additionally, the description does not sufficiently clarify that there is no endorsement, which could imply Spotify endorsement.",Pending review,,
T31,retrieved_rules,ok,Flag,"[""R03"", ""R04""]","The application name 'Spotify Planner' contains 'Spotify', which violates the requirement to avoid names resembling Spotify. Additionally, the description does not clarify that there is no endorsement, which could imply Spotify endorsement.",Pending review,,
T32,retrieved_rules,ok,Flag,"[""R04""]","The description states 'Officially approved by Spotify', which implies endorsement without an established basis, violating R04.",Pending review,,
T33,retrieved_rules,ok,Flag,"[""R03"", ""R04""]","The application name 'QueueAtlas' does not contain 'Spotify' or resemble it, complying with R03. However, the description 'Spotify recommends our playlist organizer' implies endorsement, violating R04 as it suggests Spotify's approval without authorization.",Pending review,,
T34,retrieved_rules,ok,Flag,"[""R03"", ""R04""]","The application name 'QueueAtlas' does not contain 'Spotify' or a similar sounding name, which complies with R03. However, the description 'Certified by Spotify for your playlists' implies endorsement, violating R04 as it suggests an official relationship that is not established.",Pending review,,
T35,retrieved_rules,ok,Flag,"[""R03"", ""R04""]","The app name 'QueueAtlas' does not contain 'Spotify' or a similar sounding name, but the description 'The official Spotify companion app' implies endorsement, which violates R04.",Pending review,,
T36,retrieved_rules,ok,Pass,"[""R03"", ""R04""]","The application name 'QueueAtlas' does not contain 'Spotify' or resemble it, complying with R03. The description states 'Developed together with Spotify' but does not imply endorsement, as the developer confirms no official relationship, complying with R04.",Pending review,,
T37,retrieved_rules,ok,Flag,"[""R04""]","The description states 'Endorsed by Spotify for daily listening,' which implies Spotify endorsement without an established basis, violating R04.",Pending review,,
T38,retrieved_rules,ok,Flag,"[""R04""]","The description claims that Spotify has given the app its seal of approval, which implies endorsement without an established basis, violating R04.",Pending review,,
T39,retrieved_rules,ok,Flag,"[""R03"", ""R04""]","The application name 'QueueAtlas' does not contain 'Spotify' or resemble it, complying with R03. However, the description implies a partnership with Spotify, which suggests endorsement, violating R04.",Pending review,,
T40,retrieved_rules,ok,Flag,"[""R04""]","The description claims that Spotify chose the app as its official playlist organizer, which implies endorsement without an established basis, violating R04.",Pending review,,
T41,retrieved_rules,ok,Pass,"[""R03"", ""R04""]","The application name 'QueueAtlas' does not contain 'Spotify' or resemble it, complying with R03. The description clarifies that it is not officially approved by Spotify, which aligns with R04's requirement against implying endorsement.",Pending review,,
T42,retrieved_rules,ok,Pass,"[""R03""]","The application name 'QueueAtlas' does not contain 'Spotify' or resemble it, complying with R03.",Pending review,,
T43,retrieved_rules,ok,Flag,"[""R03"", ""R04""]","The application name 'Spotify QueueAtlas' contains 'Spotify', which violates the requirement to avoid names resembling Spotify. Additionally, the description does not sufficiently clarify that there is no endorsement, as the name itself implies a connection to Spotify.",Pending review,,
T44,retrieved_rules,ok,Flag,"[""R04""]","The description states the app is 'officially endorsed by Spotify,' which implies endorsement without established authorization, violating R04.",Pending review,,
T45,retrieved_rules,ok,Insufficient evidence,[],"The input does not establish the app installation status, which is necessary to determine compliance with the relevant rules.",Pending review,,
T46,retrieved_rules,ok,Insufficient evidence,[],"The input does not clarify whether the text 'GET SPOTIFY FREE' is a clickable installation link or not, and the installation status of the Spotify app is unknown, which is necessary to apply the rules.",Pending review,,
T47,retrieved_rules,ok,Insufficient evidence,[],"The actual application name is not clearly identified, making it impossible to determine if it violates the naming restrictions regarding Spotify.",Pending review,,
T48,retrieved_rules,ok,Flag,"[""R04""]","The description claims 'an official partner of Spotify', which implies endorsement without verified authorization, violating R04.",Pending review,,
T49,retrieved_rules,ok,Insufficient evidence,[],"The application name 'QueueAtlas' does not contain 'Spotify' or resemble it, but the approval context is unclear, and there is no evidence of Spotify authorization.",Pending review,,
T50,retrieved_rules,ok,Insufficient evidence,[],"The actual application name is provided, but the promotional description is missing, making it impossible to assess compliance with the endorsement rule.",Pending review,,
