case_id,status,cost_usd,decision,rule_ids,reason,missing_information,evidence
D01,ok,0.0,Pass,"[""R01""]",Exact link-label comparison under the stated installation condition.,[],"[{""rule_id"": ""R01"", ""rule_text"": ""If the Spotify app is installed then use any of the following text strings: OPEN SPOTIFY, PLAY ON SPOTIFY or LISTEN ON SPOTIFY"", ""source_url"": ""https://developer.spotify.com/documentation/design""}]"
D02,ok,0.0,Flag,"[""R01""]",Exact link-label comparison under the stated installation condition.,[],"[{""rule_id"": ""R01"", ""rule_text"": ""If the Spotify app is installed then use any of the following text strings: OPEN SPOTIFY, PLAY ON SPOTIFY or LISTEN ON SPOTIFY"", ""source_url"": ""https://developer.spotify.com/documentation/design""}]"
D03,ok,0.0,Insufficient evidence,[],No supported deterministic check applies.,"[""More structured context or human interpretation is required.""]",[]
D04,ok,0.0,Pass,"[""R02""]",Exact link-label comparison under the stated installation condition.,[],"[{""rule_id"": ""R02"", ""rule_text"": ""Paraphrase: For users without the Spotify app, use GET SPOTIFY FREE as the link label."", ""source_url"": ""https://developer.spotify.com/documentation/design#linking-to-spotify""}]"
D05,ok,0.0,Flag,"[""R02""]",Exact link-label comparison under the stated installation condition.,[],"[{""rule_id"": ""R02"", ""rule_text"": ""Paraphrase: For users without the Spotify app, use GET SPOTIFY FREE as the link label."", ""source_url"": ""https://developer.spotify.com/documentation/design#linking-to-spotify""}]"
D06,ok,0.0,Insufficient evidence,[],No supported deterministic check applies.,"[""More structured context or human interpretation is required.""]",[]
D07,ok,0.0,Insufficient evidence,[],No supported deterministic check applies.,"[""More structured context or human interpretation is required.""]",[]
D08,ok,0.0,Flag,"[""R03""]",The extracted app name contains Spotify.,[],"[{""rule_id"": ""R03"", ""rule_text"": ""Paraphrase: An application name must avoid Spotify and names resembling it in sound or spelling. A separate compatibility description may say the app is for Spotify."", ""source_url"": ""https://developer.spotify.com/documentation/design#logo-and-naming-restrictions""}]"
D09,ok,0.0,Insufficient evidence,[],No supported deterministic check applies.,"[""More structured context or human interpretation is required.""]",[]
D10,ok,0.0,Insufficient evidence,[],No supported deterministic check applies.,"[""More structured context or human interpretation is required.""]",[]
D11,ok,0.0,Insufficient evidence,[],No supported deterministic check applies.,"[""More structured context or human interpretation is required.""]",[]
D12,ok,0.0,Insufficient evidence,[],No supported deterministic check applies.,"[""More structured context or human interpretation is required.""]",[]
