case_id,retrieved_ids,reference_ids,recall_at_2
D01,"[""R01"", ""R02""]","[""R01""]",1.0
D02,"[""R01"", ""R02""]","[""R01""]",1.0
D03,"[""R01"", ""R02""]","[""R01"", ""R02""]",1.0
D04,"[""R01"", ""R02""]","[""R02""]",1.0
D05,"[""R01"", ""R02""]","[""R02""]",1.0
D06,"[""R01"", ""R02""]","[""R01"", ""R02""]",1.0
D07,"[""R03"", ""R04""]","[""R03"", ""R04""]",1.0
D08,"[""R03"", ""R04""]","[""R03""]",1.0
D09,"[""R01"", ""R03""]","[""R03"", ""R04""]",0.5
D10,"[""R03"", ""R04""]","[""R03"", ""R04""]",1.0
D11,"[""R03"", ""R04""]","[""R04""]",1.0
D12,"[""R03"", ""R04""]","[""R04""]",1.0
