case_id,mode,status,cost_usd,decision,rule_ids,reason,missing_information,evidence,elapsed_seconds
T01,rules,ok,0.0,Insufficient evidence,[],No supported deterministic check applies.,"[""More structured context or human interpretation is required.""]",[],0.0002549299999827781
T02,rules,ok,0.0,Insufficient evidence,[],No supported deterministic check applies.,"[""More structured context or human interpretation is required.""]",[],1.2249999940650014e-05
T03,rules,ok,0.0,Insufficient evidence,[],No supported deterministic check applies.,"[""More structured context or human interpretation is required.""]",[],6.519999942611321e-06
T04,rules,ok,0.0,Insufficient evidence,[],No supported deterministic check applies.,"[""More structured context or human interpretation is required.""]",[],6.26999997166422e-06
T05,rules,ok,0.0,Pass,"[""R01""]",Exact link-label comparison under the stated installation condition.,[],"[{""rule_id"": ""R01"", ""rule_text"": ""If the Spotify app is installed then use any of the following text strings: OPEN SPOTIFY, PLAY ON SPOTIFY or LISTEN ON SPOTIFY"", ""source_url"": ""https://developer.spotify.com/documentation/design""}]",8.449999995718827e-06
T06,rules,ok,0.0,Pass,"[""R02""]",Exact link-label comparison under the stated installation condition.,[],"[{""rule_id"": ""R02"", ""rule_text"": ""Paraphrase: For users without the Spotify app, use GET SPOTIFY FREE as the link label."", ""source_url"": ""https://developer.spotify.com/documentation/design#linking-to-spotify""}]",6.499999926745659e-06
T07,rules,ok,0.0,Insufficient evidence,[],No supported deterministic check applies.,"[""More structured context or human interpretation is required.""]",[],6.170000006022747e-06
T08,rules,ok,0.0,Pass,"[""R02""]",Exact link-label comparison under the stated installation condition.,[],"[{""rule_id"": ""R02"", ""rule_text"": ""Paraphrase: For users without the Spotify app, use GET SPOTIFY FREE as the link label."", ""source_url"": ""https://developer.spotify.com/documentation/design#linking-to-spotify""}]",5.210000040278828e-06
T09,rules,ok,0.0,Insufficient evidence,[],No supported deterministic check applies.,"[""More structured context or human interpretation is required.""]",[],7.170000003497989e-06
T10,rules,ok,0.0,Insufficient evidence,[],No supported deterministic check applies.,"[""More structured context or human interpretation is required.""]",[],5.320000013853132e-06
T11,rules,ok,0.0,Insufficient evidence,[],No supported deterministic check applies.,"[""More structured context or human interpretation is required.""]",[],5.979999968985794e-06
T12,rules,ok,0.0,Insufficient evidence,[],No supported deterministic check applies.,"[""More structured context or human interpretation is required.""]",[],4.73000000056345e-06
T13,rules,ok,0.0,Insufficient evidence,[],No supported deterministic check applies.,"[""More structured context or human interpretation is required.""]",[],4.910000029667572e-06
T14,rules,ok,0.0,Insufficient evidence,[],No supported deterministic check applies.,"[""More structured context or human interpretation is required.""]",[],4.690000082518964e-06
T15,rules,ok,0.0,Insufficient evidence,[],No supported deterministic check applies.,"[""More structured context or human interpretation is required.""]",[],4.240000066602079e-06
T16,rules,ok,0.0,Insufficient evidence,[],No supported deterministic check applies.,"[""More structured context or human interpretation is required.""]",[],4.4299999899521936e-06
T17,rules,ok,0.0,Insufficient evidence,[],No supported deterministic check applies.,"[""More structured context or human interpretation is required.""]",[],4.4299999899521936e-06
T18,rules,ok,0.0,Insufficient evidence,[],No supported deterministic check applies.,"[""More structured context or human interpretation is required.""]",[],4.460000013750687e-06
T19,rules,ok,0.0,Insufficient evidence,[],No supported deterministic check applies.,"[""More structured context or human interpretation is required.""]",[],4.22999994498241e-06
T20,rules,ok,0.0,Insufficient evidence,[],No supported deterministic check applies.,"[""More structured context or human interpretation is required.""]",[],4.699999976764957e-06
T21,rules,ok,0.0,Flag,"[""R01""]",Exact link-label comparison under the stated installation condition.,[],"[{""rule_id"": ""R01"", ""rule_text"": ""If the Spotify app is installed then use any of the following text strings: OPEN SPOTIFY, PLAY ON SPOTIFY or LISTEN ON SPOTIFY"", ""source_url"": ""https://developer.spotify.com/documentation/design""}]",5.119999968883349e-06
T22,rules,ok,0.0,Insufficient evidence,[],No supported deterministic check applies.,"[""More structured context or human interpretation is required.""]",[],4.9999999873762135e-06
T23,rules,ok,0.0,Insufficient evidence,[],No supported deterministic check applies.,"[""More structured context or human interpretation is required.""]",[],4.930000045533234e-06
T24,rules,ok,0.0,Insufficient evidence,[],No supported deterministic check applies.,"[""More structured context or human interpretation is required.""]",[],4.6399999291679705e-06
T25,rules,ok,0.0,Insufficient evidence,[],No supported deterministic check applies.,"[""More structured context or human interpretation is required.""]",[],4.480000029616349e-06
T26,rules,ok,0.0,Insufficient evidence,[],No supported deterministic check applies.,"[""More structured context or human interpretation is required.""]",[],4.6399999291679705e-06
T27,rules,ok,0.0,Flag,"[""R02""]",Exact link-label comparison under the stated installation condition.,[],"[{""rule_id"": ""R02"", ""rule_text"": ""Paraphrase: For users without the Spotify app, use GET SPOTIFY FREE as the link label."", ""source_url"": ""https://developer.spotify.com/documentation/design#linking-to-spotify""}]",5.3500000376516255e-06
T28,rules,ok,0.0,Flag,"[""R02""]",Exact link-label comparison under the stated installation condition.,[],"[{""rule_id"": ""R02"", ""rule_text"": ""Paraphrase: For users without the Spotify app, use GET SPOTIFY FREE as the link label."", ""source_url"": ""https://developer.spotify.com/documentation/design#linking-to-spotify""}]",4.16000000313943e-06
T29,rules,ok,0.0,Flag,"[""R03""]",The extracted app name contains Spotify.,[],"[{""rule_id"": ""R03"", ""rule_text"": ""Paraphrase: An application name must avoid Spotify and names resembling it in sound or spelling. A separate compatibility description may say the app is for Spotify."", ""source_url"": ""https://developer.spotify.com/documentation/design#logo-and-naming-restrictions""}]",8.540000067114306e-06
T30,rules,ok,0.0,Flag,"[""R03""]",The extracted app name contains Spotify.,[],"[{""rule_id"": ""R03"", ""rule_text"": ""Paraphrase: An application name must avoid Spotify and names resembling it in sound or spelling. A separate compatibility description may say the app is for Spotify."", ""source_url"": ""https://developer.spotify.com/documentation/design#logo-and-naming-restrictions""}]",7.040000014058023e-06
T31,rules,ok,0.0,Flag,"[""R03""]",The extracted app name contains Spotify.,[],"[{""rule_id"": ""R03"", ""rule_text"": ""Paraphrase: An application name must avoid Spotify and names resembling it in sound or spelling. A separate compatibility description may say the app is for Spotify."", ""source_url"": ""https://developer.spotify.com/documentation/design#logo-and-naming-restrictions""}]",6.8199999532225775e-06
T32,rules,ok,0.0,Insufficient evidence,[],No supported deterministic check applies.,"[""More structured context or human interpretation is required.""]",[],6.190000021888409e-06
T33,rules,ok,0.0,Insufficient evidence,[],No supported deterministic check applies.,"[""More structured context or human interpretation is required.""]",[],6.470000016634003e-06
T34,rules,ok,0.0,Insufficient evidence,[],No supported deterministic check applies.,"[""More structured context or human interpretation is required.""]",[],6.209999924067233e-06
T35,rules,ok,0.0,Insufficient evidence,[],No supported deterministic check applies.,"[""More structured context or human interpretation is required.""]",[],5.780000037702848e-06
T36,rules,ok,0.0,Insufficient evidence,[],No supported deterministic check applies.,"[""More structured context or human interpretation is required.""]",[],5.880000003344321e-06
T37,rules,ok,0.0,Insufficient evidence,[],No supported deterministic check applies.,"[""More structured context or human interpretation is required.""]",[],5.719999990105862e-06
T38,rules,ok,0.0,Insufficient evidence,[],No supported deterministic check applies.,"[""More structured context or human interpretation is required.""]",[],5.870000109098328e-06
T39,rules,ok,0.0,Insufficient evidence,[],No supported deterministic check applies.,"[""More structured context or human interpretation is required.""]",[],5.9400000509413076e-06
T40,rules,ok,0.0,Insufficient evidence,[],No supported deterministic check applies.,"[""More structured context or human interpretation is required.""]",[],6.070000040381274e-06
T41,rules,ok,0.0,Insufficient evidence,[],No supported deterministic check applies.,"[""More structured context or human interpretation is required.""]",[],5.049999913353531e-06
T42,rules,ok,0.0,Insufficient evidence,[],No supported deterministic check applies.,"[""More structured context or human interpretation is required.""]",[],5.050000027040369e-06
T43,rules,ok,0.0,Flag,"[""R03""]",The extracted app name contains Spotify.,[],"[{""rule_id"": ""R03"", ""rule_text"": ""Paraphrase: An application name must avoid Spotify and names resembling it in sound or spelling. A separate compatibility description may say the app is for Spotify."", ""source_url"": ""https://developer.spotify.com/documentation/design#logo-and-naming-restrictions""}]",5.200000032345997e-06
T44,rules,ok,0.0,Insufficient evidence,[],No supported deterministic check applies.,"[""More structured context or human interpretation is required.""]",[],4.540000077213335e-06
T45,rules,ok,0.0,Insufficient evidence,[],No supported deterministic check applies.,"[""More structured context or human interpretation is required.""]",[],4.939999939779227e-06
T46,rules,ok,0.0,Insufficient evidence,[],No supported deterministic check applies.,"[""More structured context or human interpretation is required.""]",[],8.960000059232698e-06
T47,rules,ok,0.0,Insufficient evidence,[],No supported deterministic check applies.,"[""More structured context or human interpretation is required.""]",[],5.0600000349732e-06
T48,rules,ok,0.0,Insufficient evidence,[],No supported deterministic check applies.,"[""More structured context or human interpretation is required.""]",[],5.949999945187301e-06
T49,rules,ok,0.0,Insufficient evidence,[],No supported deterministic check applies.,"[""More structured context or human interpretation is required.""]",[],4.73000000056345e-06
T50,rules,ok,0.0,Insufficient evidence,[],No supported deterministic check applies.,"[""More structured context or human interpretation is required.""]",[],5.80000005356851e-06
