Case_ID,Content,Context,Category,Expected_Decision,Relevant_Rule_IDs,Label_Rationale
D01,OPEN SPOTIFY,A link label in a partner integration on a supported platform. Spotify is installed on the user's device.,,Pass,R01,The applicable label is a permitted installed-app option.
D02,LAUNCH THE MUSIC,A link label in a partner integration on a supported platform. Spotify is installed on the user's device.,,Flag,R01,The installed-app label is outside the permitted options.
D03,OPEN SPOTIFY,A link label in a partner integration on a supported platform. App installation status is not provided.,,Insufficient evidence,R01; R02,The installation status is needed to choose the applicable label rule.
D04,GET SPOTIFY FREE,"The installation-link label in a partner integration. The device supports Spotify, but the app is not installed.",,Pass,R02,The label matches the wording for users without the app.
D05,DOWNLOAD OUR MUSIC PLAYER,"The installation-link label in a partner integration. The device supports Spotify, but the app is not installed.",,Flag,R02,The installation label differs from the required wording.
D06,GET SPOTIFY FREE,"Draft text for a partner integration. The author has not identified whether it is a link label or a promotional headline, or provided installation status.",,Insufficient evidence,R01; R02,The role of the text and installation status are missing.
D07,App name: MelodyShelf. Description: An independent playlist organizer for Spotify.,"A third-party application registered with Spotify. MelodyShelf is the complete application name. The description is separate, and no endorsement is claimed.",,Pass,R03; R04,The app has a distinct name and separately describes compatibility without claiming endorsement.
D08,App name: Spotify Playlist Wizard.,The complete registered name of an independent third-party application. No special naming permission has been granted.,,Flag,R03,The actual application name incorporates Spotify.
D09,MelodyShelf for Spotify,Text on a third-party application registration draft. It is unclear whether the entire phrase is the app name or a name followed by a separate compatibility description.,,Insufficient evidence,R03; R04,The actual app-name boundary must be established before applying the naming restriction.
D10,App name: MelodyShelf. Description: Works with Spotify. Independently developed; not endorsed by Spotify.,The name and separate description of an independent third-party application registered with Spotify. The compatibility claim is supplied as true.,,Pass,R03; R04,The distinct name and description state compatibility and explicitly deny endorsement.
D11,App name: MelodyShelf. Description: The official Spotify-approved playlist companion.,The name and description of an independent third-party application registered with Spotify. The developer confirms that Spotify has not approved or endorsed it.,,Flag,R04,The description claims official approval despite confirmed absence of endorsement.
D12,App name: MelodyShelf. Description: Built in partnership with Spotify.,The name and description of a third-party application. The developer claims a special partnership agreement but supplies neither the agreement nor approved naming or communication permissions.,,Insufficient evidence,R04,The claimed partnership and any applicable permission require verification before concluding compliance.
